id;question;expected_notes;model_answer;helpfulness_score;food_safety_score;style_score;comments
1;In the risotto video, why does Adam stir so much? What’s the food science reason?;Mentions starch release from rice, creaminess development, Adam’s reasoning style, trade-offs (more stirring = creamier but more work).;"**Transcript check section:**
The transcript states that Adam stirs the risotto a little for the same reason that you stir anything in a pan. However, it does not provide a specific food science reason for why stirring is important in making risotto.

**Trade-off reasoning section:**
On the one hand, stirring risotto helps to release the starches from the rice, which contributes to the creamy texture that is characteristic of a well-made risotto. This is because the agitation encourages the rice to break down slightly, allowing the starches to gelatinize and thicken the cooking liquid. 

On the other hand, excessive stirring can lead to overcooking the rice, making it mushy instead of al dente. Additionally, if you stir too much, you might not allow the rice to absorb the liquid properly, which can result in uneven cooking. 

**Final summary section:**
In essence, Adam stirs risotto to enhance its creaminess through starch release, but he balances this with the need to avoid overcooking the rice.";4;4;5;
2;In Adam’s fried chicken video, why does he rest the chicken before frying?;Mentions batter hydration, adhesion, crispiness, and practical trade-offs.;"Transcript check: the transcript does not address this topic.

The science behind resting chicken before frying generally involves allowing the meat to come closer to room temperature, which can help it cook more evenly. On the one hand, resting can help the chicken retain moisture during frying, leading to a juicier result. On the other hand, if you don't rest it, you might save time, but the chicken could cook unevenly, resulting in a drier texture in some parts.

In summary, resting chicken before frying can improve moisture retention and even cooking, while skipping this step might save time but could compromise the final texture.";4;4;5;
3;What was Adam’s reasoning for baking bacon instead of pan-frying it?;Should mention even cooking, less splatter, less attention required, and texture trade-offs.;"Transcript check: the transcript does not address this topic.

The general reasoning for baking bacon instead of pan-frying it is quite interesting. On the one hand, baking bacon allows for more even cooking and can render out more fat, resulting in a crispier texture without the need for constant flipping. It also frees up your stovetop for other tasks, which can be a big advantage when preparing a larger breakfast or meal. 

On the other hand, pan-frying bacon gives you more control over the cooking process. You can adjust the heat more easily and watch for the exact level of crispiness you prefer. Additionally, the rendered fat in the pan can be used for cooking other ingredients, adding flavor to your dish.

In summary, baking bacon is a hands-off method that promotes even cooking, while pan-frying offers more control and versatility in the cooking process.";4;4;5;
4;How does Adam approach seasoning a steak, according to the transcript?;Mentions timing, salt penetration, crust formation, or explicitly notes if the transcript doesn’t mention it.;"**Transcript check section:**
According to the transcript, Adam approaches seasoning a steak by generally not salting it in advance. He prefers to salt the meat right before cooking rather than letting it sit with salt for a long time. He emphasizes that he likes to use finishing salt, which adds a crunchy texture at the table. He also mentions that when making steak with board sauce, there's no need to salt the outside since he slices it thin and tosses it in a seasoned sauce. For thicker pieces of steak, he acknowledges that some seasoning penetrating the inside is acceptable, but it's not a huge priority for him. He also enjoys using both cooked and raw pepper on his steak.

**Trade-off reasoning section:**
On the one hand, salting meat in advance can enhance flavor by allowing the salt to penetrate and tenderize the meat over time, which can be especially beneficial for thicker cuts. On the other hand, salting right before cooking, as Adam does, allows for a more controlled saltiness and preserves the texture of the meat, especially when he prefers a crunchy finishing salt. This approach can also prevent the steak from becoming overly salty if not monitored closely.

**Final summary section:**
In summary, Adam favors salting steak just before cooking for better texture and a preference for finishing salt, while acknowledging that some seasoning can penetrate thicker cuts.";5;5;5;
5;In the pasta water segment, what does Adam say about salting water?;Mentions flavor balance, seasoning trade-offs, or explicitly states if the transcript doesn’t cover it.;"Transcript check: The transcript mentions that Adam fills up a large pot with water, adds ""big pinches of salt,"" and turns the heat on high. However, it does not provide specific details about the reasoning or technique behind salting the water.

Trade-off reasoning section: 
On the one hand, salting pasta water is essential because it enhances the flavor of the pasta itself, allowing it to absorb some of that saltiness while cooking. This can lead to a more flavorful dish overall. On the other hand, if you add too much salt, it can overpower the dish, especially if other components, like sauces or cheeses, are already salty. 

Final summary section: In summary, salting pasta water is a crucial step for flavor, but it's important to balance it with the overall saltiness of the dish.";5;5;5;
6;Why does Adam often recommend starting vegetables in a cold pan?;Mentions moisture retention, even heat, browning control, or similar trade-offs.;"Transcript check: the transcript does not address this topic.

The general reasoning behind starting vegetables in a cold pan is rooted in how heat affects their texture and moisture. 

On the one hand, starting in a cold pan allows the vegetables to release moisture gradually, which can help them cook evenly and develop a nice, tender texture without burning. This method can also help to prevent sticking, as the gradual heating allows the natural sugars in the vegetables to caramelize more evenly.

On the other hand, if you start with a hot pan, you can achieve a quicker sear, which can enhance flavor through browning. However, this can also lead to uneven cooking or burnt bits if the vegetables release too much moisture too quickly.

In summary, starting vegetables in a cold pan can lead to more even cooking and better texture, while starting in a hot pan can provide a quicker sear and more intense flavor.";5;4;5;
7;Why would someone choose to use a carbon steel pan instead of stainless steel?;Mentions thermal conductivity, seasoning, nonstick-like properties, responsiveness, pros and cons.;"Transcript check: the transcript does not address this topic.

The choice between a carbon steel pan and a stainless steel pan often comes down to a few key factors. 

On the one hand, carbon steel pans are known for their excellent heat retention and ability to develop a natural non-stick surface over time with proper seasoning. This makes them great for high-heat cooking and achieving a good sear on meats. They can also be lighter than stainless steel pans, which might make them easier to handle for some cooks.

On the other hand, stainless steel pans, like the ones mentioned in the transcript, are praised for their durability, ease of cleaning, and resistance to rust and corrosion. They also provide a beautiful aesthetic and can handle acidic foods without reacting, which is a significant advantage for certain recipes.

In summary, the choice between carbon steel and stainless steel pans depends on your cooking style and preferences. If you prioritize heat retention and a natural non-stick surface, carbon steel might be the way to go. However, if you value durability and ease of maintenance, stainless steel is likely your best bet.";5;3;5;
8;What’s Adam’s general take on nonstick pans for high heat cooking?;Mentions safety, coating breakdown, better alternatives, and nuance.;"Transcript check: the transcript does not address this topic.

The general consensus in cooking science regarding nonstick pans and high heat is that traditional nonstick coatings, like Teflon, can degrade at high temperatures, potentially releasing harmful fumes. On the one hand, nonstick pans are incredibly convenient for low to medium heat cooking, allowing for easy food release and cleanup. On the other hand, when it comes to high heat cooking, they may not be the best choice due to their limitations in temperature tolerance and potential health concerns.

For high heat applications, materials like stainless steel or cast iron are often preferred, as they can withstand higher temperatures without degrading. However, they require more skill to prevent sticking. 

In summary, while nonstick pans are great for certain tasks, they may not be ideal for high heat cooking due to their temperature limitations and potential health risks.";5;4;5;
9;Why does Adam often rest meat after cooking?;Mentions juices redistributing, carryover cooking, texture, and trade-offs.;"**Transcript check section:**
The transcript explains that Adam discusses the reasons for resting meat before carving it. He mentions that some common reasons, like redistributing juices, are questionable. However, he confirms that as the meat cools, the juices inside become more viscous, which allows them to cling to the meat better when it is cut. This process helps the meat absorb more of its own juices that may spill out during cutting, resulting in a thicker, more luscious layer of juice on the surface.

**Trade-off reasoning section:**
On the one hand, resting meat allows the juices to thicken and cling to the meat, enhancing the overall flavor and moisture when you finally carve it. This can lead to a more satisfying eating experience, as the meat retains more of its juices. On the other hand, if you don’t rest the meat, you can serve it immediately while it's still hot, which some people prefer for temperature and immediate enjoyment, though this might result in more juices spilling out during cutting.

**Final summary section:**
In short, resting meat helps retain its juices and improve texture, but it does require a bit of patience before serving.";5;4;5;
10;Why do Maillard reactions happen more intensely at high heat?;Mentions amino acids and sugars, dryness, temperature threshold (~150°C/300°F), and flavor development.;"Transcript check: the transcript does not address this topic.

The Maillard reaction, which is responsible for the browning and complex flavors in cooked food, occurs more intensely at high heat due to several factors. 

On the one hand, higher temperatures accelerate the chemical reactions between amino acids and reducing sugars, which are the key players in the Maillard reaction. This means that at higher heat, you can achieve that desirable browning and flavor development more quickly.

On the other hand, if the heat is too high, it can lead to burning or charring, which can create off-flavors and undesirable textures. This is why it's often recommended to start with high heat for initial browning, but then to lower the heat to allow for more controlled cooking without burning.

In summary, high heat promotes the Maillard reaction effectively but requires careful management to avoid negative outcomes.";5;4;5;
11;What’s the difference between browning and caramelization?;"Browning = Maillard (proteins + sugars); caramelization = sugar alone; both make complex flavors.";"Transcript check: the transcript does not address this topic.

The difference between browning and caramelization primarily lies in the chemical processes and the outcomes of each. 

On the one hand, browning refers to the Maillard reaction, which occurs when proteins and sugars in food react under heat, creating complex flavors and a brown color. This can happen at various temperatures and is responsible for the savory flavors in cooked meats, baked goods, and roasted vegetables.

On the other hand, caramelization specifically involves the oxidation of sugar, which occurs when sugar is heated to a certain temperature, resulting in a sweet, rich flavor and a deep brown color. This process requires higher temperatures and is primarily associated with sweet foods, like desserts or caramelized onions.

In summary, while both processes create browning, caramelization is a specific type of browning that focuses on sugar, whereas the Maillard reaction involves proteins and sugars together.";4;4;5;
12;What happens chemically when butter browns?;Mentions milk solids, Maillard reaction, nutty aroma, water evaporation, and temperature sensitivity.;"Transcript check: the transcript does not address this topic.

The browning of butter, known as the Maillard reaction, occurs when the proteins and sugars in the butter undergo a series of complex chemical reactions due to heat. This results in the formation of new flavor compounds and a rich, nutty aroma, as well as a darker color. 

On the one hand, browning butter enhances its flavor, adding depth and complexity to dishes. This can be particularly desirable in sauces, baked goods, or when used as a finishing touch. On the other hand, if butter is heated too long, it can burn, leading to a bitter taste and undesirable burnt particles. 

In summary, browning butter can elevate your cooking, but it requires careful attention to avoid burning.";5;4;5;
13;Can I use Greek yogurt instead of sour cream in a cake?;Mentions fat content, moisture adjustment, tartness differences, and trade-offs.;"Transcript check: the transcript does not address this topic.

The transcript doesn't provide specific information about substituting Greek yogurt for sour cream in a cake, but here's what I know: 

On the one hand, Greek yogurt can be a great substitute for sour cream because it has a similar tangy flavor and creamy texture, which can help maintain the moisture in the cake. On the other hand, Greek yogurt is thicker than sour cream, which might affect the overall consistency of your batter, potentially making it denser unless you adjust the liquid content accordingly.

In summary, Greek yogurt can work as a substitute for sour cream in cake, but you may need to tweak the recipe slightly to achieve the desired texture.";4;4;5;
14;If I don’t have buttermilk, what’s a good substitute?;Mentions milk + acid (lemon, vinegar) or yogurt + milk, and notes fat/acidity trade-offs.;"Transcript check: the transcript does not address this topic.

The transcript doesn't provide a direct answer about buttermilk substitutes, but here's what I know: 

A common substitute for buttermilk is to mix regular milk with an acid, such as vinegar or lemon juice. For every cup of buttermilk needed, you can use one cup of milk and add one tablespoon of vinegar or lemon juice, letting it sit for about five to ten minutes to thicken slightly.

On the one hand, this method mimics the tangy flavor and acidity of buttermilk, which can help with leavening in baked goods. On the other hand, if you're looking for a thicker consistency, yogurt can also work as a substitute, but it may make your dish a bit denser.

In summary, if you’re out of buttermilk, mixing milk with vinegar or lemon juice is a great go-to, while yogurt can be a thicker alternative, depending on your recipe needs.";4;4;5;
15;Is it safe to store cooked chicken in the fridge for five days?;Mentions 3–4 day guideline, increasing risk after that, and that smell alone isn’t a perfect safety test.;"Transcript check: the transcript does not address this topic.

The general guideline for storing cooked chicken is that it can be safely kept in the refrigerator for about 3 to 4 days. However, if you're considering keeping it for five days, it's important to weigh the trade-offs. 

On the one hand, storing cooked chicken for five days might seem convenient and could save you time on meal prep, especially if you plan to use it in various dishes throughout the week. On the other hand, the risk of bacterial growth increases as food sits in the fridge, even if it looks and smells fine after five days. 

In conclusion, while it might be technically possible to store cooked chicken for five days, it's generally safer to stick to the 3 to 4-day guideline to ensure food safety.";5;5;5;
16;Is it okay to eat steak that’s a little gray inside?;Mentions oxidation vs spoilage, proper cooking temps, smell/texture caveats, and safety nuance.;"Transcript check: the transcript does not address this topic.

The general consensus is that steak can be safe to eat even if it has a grayish color inside, as long as it has been cooked to a safe internal temperature. Gray meat can occur when the steak is cooked at lower temperatures or for longer periods, which can affect its appearance without necessarily making it unsafe.

On the one hand, a gray interior might indicate that the steak has been cooked to a lower doneness, which some people might find unappealing or associate with being overcooked. On the other hand, if the steak has reached the recommended internal temperature (at least 145°F or 63°C for medium rare), it should be safe to eat, regardless of its color.

Final summary: A gray interior in steak can be safe to eat if it has reached the proper internal temperature, but it may not be visually appealing to everyone.";4;3;4;
17;Are runny eggs safe for children?;Mentions salmonella risk, that vulnerable groups (kids, pregnant, elderly, immunocompromised) should be more cautious.;"Transcript check: the transcript does not address this topic.

However, here's what I know: The safety of runny eggs for children largely depends on the risk of salmonella, which can be present in raw or undercooked eggs. 

On the one hand, cooking eggs until the whites and yolks are firm significantly reduces the risk of foodborne illness, making them safer for children. On the other hand, many people enjoy runny eggs for their texture and flavor, and some argue that the risk is minimal if the eggs are sourced from reputable suppliers or are pasteurized.

In summary, while runny eggs can be a delicious treat, it's important to consider the potential health risks for children and make informed choices based on the source and cooking method of the eggs.";4;5;5;
18;What’s the trade-off between cooking steak in butter vs oil?;Mentions oil’s higher smoke point, butter’s flavor but burning, mixing both, and trade-offs.;"Transcript check: the transcript does not address this topic.

On the one hand, cooking steak in butter can provide a rich flavor and a beautiful browning effect due to the milk solids in the butter that can caramelize. Butter also adds a luxurious mouthfeel and aroma, enhancing the overall eating experience. However, butter has a lower smoke point than many oils, which means it can burn more easily, especially at high temperatures.

On the other hand, using oil, particularly oils with higher smoke points like canola or avocado oil, allows for cooking at higher temperatures without the risk of burning. This can be beneficial for achieving a good sear on the steak. However, oils may not impart the same depth of flavor that butter does, and you might miss out on that rich, buttery taste.

In summary, if you prioritize flavor and richness, butter is the way to go, but if you're looking for higher cooking temperatures and less risk of burning, oil might be the better choice.";5;5;5;
19;Should I rinse rice before cooking it?;Mentions starch removal, fluffier rice vs keeping starch for creamy/sticky textures — framed as trade-offs.;"Transcript check: the transcript does not address this topic.

The general consensus on rinsing rice before cooking it can vary based on the type of rice and the desired outcome. 

On the one hand, rinsing rice can remove excess surface starch, which helps prevent the rice from becoming overly sticky and clumping together. This is particularly beneficial for long-grain varieties like basmati or jasmine, where a fluffier texture is preferred.

On the other hand, some types of rice, such as arborio or carnaroli (which are often used for risotto), benefit from retaining some of that starch. This starch contributes to the creamy texture that is characteristic of risotto. In this case, rinsing might not be advisable.

In summary, whether to rinse rice depends on the type of rice and the texture you want to achieve. Rinsing can help with fluffiness, while not rinsing can enhance creaminess.";4;5;5;
20;Is it better to boil or steam vegetables?;"Mentions nutrient retention, texture, flavor, and acknowledges it depends on priorities; not a one-size-fits-all rule.";"**Transcript check section:**
The transcript does not address this topic.

**Trade-off reasoning section:**
The choice between boiling and steaming vegetables comes down to a few key factors. On the one hand, boiling vegetables can lead to a softer texture and can be quicker, as the water heats up quickly and cooks the vegetables thoroughly. However, this method can also result in nutrient loss, especially water-soluble vitamins like vitamin C, which leach into the cooking water.

On the other hand, steaming vegetables tends to preserve more nutrients because the vegetables are not submerged in water. Steaming can also maintain a firmer texture and brighter color, which many people find appealing. However, it may take a bit longer to cook, and some might find it less convenient if they don't have the right equipment.

**Final summary section:**
In summary, if you're looking for nutrient retention and a firmer texture, steaming is generally the better choice. But if speed and ease are your priorities, boiling might be more suitable.";4;4;5;
